Full Team Name,University,CoverNumber,PomeroyName,TRankName,OldTRankName,UpdatedTRankName,SportsReference,RevisedSportsReference,,
Abilene Christian Wildcats,Abilene Christian,,Abilene Christian,Abilene Christian,Abilene Christian,Abilene Christian,Abilene Christian,Abilene Christian,,1
Air Force Falcons,Air Force,,Air Force,Air Force,Air Force,Air Force,Air Force,Air Force,,1
Akron Zips,Akron,,Akron,Akron,Akron,Akron,Akron,Akron,,1
Alabama Crimson Tide,Alabama,,Alabama 9,Alabama 9,Alabama,Alabama,Alabama,Alabama,,1
Alabama AM Bulldogs,Alabama A%26M,,Alabama A&M,Alabama A&M,Alabama A&M,Alabama A&M,Alabama A&M,Alabama A&M,,1
Alabama St Hornets,Alabama St.,,Alabama St.,Alabama St.,Alabama St.,Alabama St.,Alabama State,Alabama State,,1
Albany Great Danes,Albany,2403,Albany,Albany,Albany,Albany,Albany (NY),Albany (NY),,1
Alcorn St Braves,Alcorn St.,,Alcorn St.,Alcorn St.,Alcorn St.,Alcorn St.,Alcorn State,Alcorn State,,1
American Eagles,American,,American,American,American,American,American,American,,1
Appalachian St Mountaineers,Appalachian St.,,Appalachian St.,Appalachian St.,Appalachian St.,Appalachian St.,Appalachian State,Appalachian State,,1
Arizona Wildcats,Arizona,2175,Arizona 4,Arizona 4,Arizona,Arizona,Arizona,Arizona,,1
Arizona State Sun Devils,Arizona St.,,Arizona St. 11,Arizona St. 11,Arizona St.,Arizona St.,Arizona State,Arizona State,,1
Arkansas Razorbacks,Arkansas,,Arkansas 7,Arkansas 7,Arkansas,Arkansas,Arkansas,Arkansas,,1
Arkansas St Red Wolves,Arkansas St.,,Arkansas St.,Arkansas St.,Arkansas St.,Arkansas St.,Arkansas State,Arkansas State,,1
Arkansas Pine Bluff Golden Lions,Arkansas Pine Bluff,,Arkansas Pine Bluff,Arkansas Pine Bluff,Arkansas Pine Bluff,Arkansas Pine Bluff,Arkansas-Pine Bluff,Arkansas-Pine Bluff,,1
Army Black Knights,Army,,Army,Army,Army,Army,Army,Army,,1
Auburn Tigers,Auburn,,Auburn 4,Auburn 4,Auburn,Auburn,Auburn,Auburn,,1
Austin Peay Governors,Austin Peay,,Austin Peay,Austin Peay,Austin Peay,Austin Peay,Austin Peay,Austin Peay,,1
Ball St Cardinals,Ball St.,,Ball St.,Ball St.,Ball St.,Ball St.,Ball State,Ball State,,1
Baylor Bears,Baylor,2446,Baylor,Baylor,Baylor,Baylor,Baylor,Baylor,,1
Belmont Bruins,Belmont,,Belmont,Belmont,Belmont,Belmont,Belmont,Belmont,,1
Bellarmine knights,Bellarmine,,Bellarmine,Bellarmine,Bellarmine,Bellarmine,Bellarmine,Bellarmine,,1
Bethune Cookman Wildcats,Bethune Cookman,,Bethune Cookman,Bethune Cookman,Bethune Cookman,Bethune Cookman,Bethune-Cookman,Bethune-Cookman,,1
Binghamton Bearcats,Binghamton,2251,Binghamton,Binghamton,Binghamton,Binghamton,Binghamton,Binghamton,,1
Boise St Broncos,Boise St.,,Boise St.,Boise St.,Boise St.,Boise St.,Boise State,Boise State,,1
Boston College Eagles,Boston College,2486,Boston College,Boston College,Boston College,Boston College,Boston College,Boston College,,1
Boston U Terriers,Boston University,,Boston University,Boston University,Boston University,Boston University,Boston University,Boston University,,1
Bowling Green Falcons,Bowling Green,,Bowling Green,Bowling Green,Bowling Green,Bowling Green,Bowling Green State,Bowling Green State,,1
Bradley Braves,Bradley,,Bradley,Bradley,Bradley,Bradley,Bradley,Bradley,,1
Brigham Young Cougars,BYU,,BYU,BYU,BYU,BYU,BYU,Brigham Young,,0
Brown Bears,Brown,,Brown,Brown,Brown,Brown,Brown,Brown,,1
Bryant Bulldogs,Bryant,,Bryant,Bryant,Bryant,Bryant,Bryant,Bryant,,1
Bucknell Bison,Bucknell,,Bucknell 14,Bucknell 14,Bucknell,Bucknell,Bucknell,Bucknell,,1
Buffalo Bulls,Buffalo,,Buffalo 13,Buffalo 13,Buffalo,Buffalo,Buffalo,Buffalo,,1
Butler Bulldogs,Butler,2295,Butler 10,Butler 10,Butler,Butler,Butler,Butler,,1
Cal Poly SLO Mustangs,Cal Poly,,Cal Poly,Cal Poly,Cal Poly,Cal Poly,Cal Poly,Cal Poly,,1
CSU Fullerton Titans,Cal St. Fullerton,,Cal St. Fullerton 15,Cal St. Fullerton 15,Cal St. Fullerton,Cal St. Fullerton,Cal State Fullerton,Cal State Fullerton,,1
CSU Bakersfield Roadrunners,Cal St. Bakersfield,,Cal St. Bakersfield,Cal St. Bakersfield,Cal St. Bakersfield,Cal St. Bakersfield,Cal State Bakersfield,Cal State Bakersfield,,1
California Baptist Lancers,Cal Baptist,Cal Baptist,Cal Baptist,Cal Baptist,Cal Baptist,Cal Baptist,California Baptist,California Baptist,,1
California Golden Bears,California,,California,California,California,California,California,California,,1
Campbell Fighting Camels,Campbell,,Campbell,Campbell,Campbell,Campbell,Campbell,Campbell,,1
Canisius Golden Griffins,Canisius,,Canisius,Canisius,Canisius,Canisius,Canisius,Canisius,,1
Central Arkansas Bears,Central Arkansas,,Central Arkansas,Central Arkansas,Central Arkansas,Central Arkansas,Central Arkansas,Central Arkansas,,1
Central Conn St Blue Devils,Central Connecticut,,Central Connecticut,Central Connecticut,Central Connecticut,Central Connecticut,Central Connecticut,Central Connecticut State,,0
Central Florida Knights,UCF,2339,UCF,UCF,UCF,UCF,UCF,Central Florida,,0
Central Michigan Chippewas,Central Michigan,,Central Michigan,Central Michigan,Central Michigan,Central Michigan,Central Michigan,Central Michigan,,1
Charleston Cougars,College of Charleston,,Charleston,College of Charleston,College of Charleston,College of Charleston,College of Charleston,College of Charleston,,1
Charleston Southern Buccaneers,Charleston Southern,,Charleston Southern,Charleston Southern,Charleston Southern,Charleston Southern,Charleston Southern,Charleston Southern,,1
Charlotte 49ers,Charlotte,,Charlotte,Charlotte,Charlotte,Charlotte,Charlotte,Charlotte,,1
Chattanooga Mocs,Chattanooga,,Chattanooga,Chattanooga,Chattanooga,Chattanooga,Chattanooga,Chattanooga,,1
Chicago St Cougars,Chicago St.,,Chicago St.,Chicago St.,Chicago St.,Chicago St.,Chicago State,Chicago State,,1
Cincinnati Bearcats,Cincinnati,2244,Cincinnati 2,Cincinnati 2,Cincinnati,Cincinnati,Cincinnati,Cincinnati,,1
Clemson Tigers,Clemson,2466,Clemson 5,Clemson 5,Clemson,Clemson,Clemson,Clemson,,1
Cleveland St Vikings,Cleveland St.,,Cleveland St.,Cleveland St.,Cleveland St.,Cleveland St.,Cleveland State,Cleveland State,,1
Coastal Carolina Chanticleers,Coastal Carolina,,Coastal Carolina,Coastal Carolina,Coastal Carolina,Coastal Carolina,Coastal Carolina,Coastal Carolina,,1
Colgate Raiders,Colgate,,Colgate,Colgate,Colgate,Colgate,Colgate,Colgate,,1
Colorado Buffaloes,Colorado,,Colorado,Colorado,Colorado,Colorado,Colorado,Colorado,,1
Colorado St Rams,Colorado St.,,Colorado St.,Colorado St.,Colorado St.,Colorado St.,Colorado State,Colorado State,,1
Columbia Lions,Columbia,,Columbia,Columbia,Columbia,Columbia,Columbia,Columbia,,1
Connecticut Huskies,Connecticut,,Connecticut,Connecticut,Connecticut,Connecticut,UConn,Connecticut,,0
Coppin St Eagles,Coppin St.,,Coppin St.,Coppin St.,Coppin St.,Coppin St.,Coppin State,Coppin State,,1
Cornell Big Red,Cornell,,Cornell,Cornell,Cornell,Cornell,Cornell,Cornell,,1
Creighton Bluejays,Creighton,2495,Creighton 8,Creighton 8,Creighton,Creighton,Creighton,Creighton,,1
CSU Northridge Matadors,Cal St. Northridge,,Cal St. Northridge,Cal St. Northridge,Cal St. Northridge,Cal St. Northridge,Cal State Northridge,Cal State Northridge,,1
Dartmouth Big Green,Dartmouth,,Dartmouth,Dartmouth,Dartmouth,Dartmouth,Dartmouth,Dartmouth,,1
Davidson Wildcats,Davidson,,Davidson 12,Davidson 12,Davidson,Davidson,Davidson,Davidson,,1
Dayton Flyers,Dayton,,Dayton,Dayton,Dayton,Dayton,Dayton,Dayton,,1
delaware-blue-hens,Delaware,,Delaware,Delaware,Delaware,Delaware,Delaware,Delaware,,1
Delaware State Hornets,Delaware St.,,Delaware St.,Delaware St.,Delaware St.,Delaware St.,Delaware State,Delaware State,,1
Denver Pioneers,Denver,,Denver,Denver,Denver,Denver,Denver,Denver,,1
DePaul Blue Demons,DePaul,2182,DePaul,DePaul,DePaul,DePaul,DePaul,DePaul,,1
Detroit Mercy Titans,Detroit,,Detroit Mercy,Detroit,Detroit,Detroit,Detroit,Detroit Mercy,,0
Drake Bulldogs,Drake,,Drake,Drake,Drake,Drake,Drake,Drake,,1
Drexel Dragons,Drexel,,Drexel,Drexel,Drexel,Drexel,Drexel,Drexel,,1
Duke Blue Devils,Duke,2518,Duke 2,Duke 2,Duke,Duke,Duke,Duke,,1
Duquesne Dukes,Duquesne,,Duquesne,Duquesne,Duquesne,Duquesne,Duquesne,Duquesne,,1
East Carolina Pirates,East Carolina,2211,East Carolina,East Carolina,East Carolina,East Carolina,East Carolina,East Carolina,,1
East Tennessee St Buccaneers,East Tennessee St.,,East Tennessee St.,East Tennessee St.,East Tennessee St.,East Tennessee St.,ETSU,East Tennessee State,,0
Eastern Illinois Panthers,Eastern Illinois,,Eastern Illinois,Eastern Illinois,Eastern Illinois,Eastern Illinois,Eastern Illinois,Eastern Illinois,,1
Eastern Kentucky Colonels,Eastern Kentucky,,Eastern Kentucky,Eastern Kentucky,Eastern Kentucky,Eastern Kentucky,Eastern Kentucky,Eastern Kentucky,,1
Eastern Michigan Eagles,Eastern Michigan,,Eastern Michigan,Eastern Michigan,Eastern Michigan,Eastern Michigan,Eastern Michigan,Eastern Michigan,,1
Eastern Washington Eagles,Eastern Washington,,Eastern Washington,Eastern Washington,Eastern Washington,Eastern Washington,Eastern Washington,Eastern Washington,,1
Elon University Phoenix,Elon,,Elon,Elon,Elon,Elon,Elon,Elon,,1
Evansville Purple Aces,Evansville,,Evansville,Evansville,Evansville,Evansville,Evansville,Evansville,,1
Fairfield Stags,Fairfield,,Fairfield,Fairfield,Fairfield,Fairfield,Fairfield,Fairfield,,1
Fairleigh Dickinson Knights,Fairleigh Dickinson,,Fairleigh Dickinson,Fairleigh Dickinson,Fairleigh Dickinson,Fairleigh Dickinson,Fairleigh Dickinson,Fairleigh Dickinson,,1
Florida Gators,Florida,,Florida,Florida,Florida,Florida,Florida,Florida,,1
Florida AM Rattlers,Florida A%26M,,Florida A&M,Florida A&M,Florida A&M,Florida A&M,Florida A&M,Florida A&M,,1
Florida Atlantic Owls,Florida Atlantic,,Florida Atlantic,Florida Atlantic,Florida Atlantic,Florida Atlantic,Florida Atlantic,Florida Atlantic,,1
Florida Gulf Coast Eagles,Florida Gulf Coast,,Florida Gulf Coast,Florida Gulf Coast,Florida Gulf Coast,Florida Gulf Coast,Florida Gulf Coast,Florida Gulf Coast,,1
Florida International Panthers,FIU,,FIU,FIU,FIU,FIU,Florida International,Florida International,,1
Florida State Seminoles,Florida St.,2261,Florida St. 9,Florida St. 9,Florida St.,Florida St.,Florida State,Florida State,,1
Fordham Rams,Fordham,,Fordham,Fordham,Fordham,Fordham,Fordham,Fordham,,1
Fresno St Bulldogs,Fresno St.,,Fresno St.,Fresno St.,Fresno St.,Fresno St.,Fresno State,Fresno State,,1
Furman Paladins,Furman,,Furman,Furman,Furman,Furman,Furman,Furman,,1
Gardner Webb Runnin Bulldogs,Gardner Webb,,Gardner Webb,Gardner Webb,Gardner Webb,Gardner Webb,Gardner-Webb,Gardner-Webb,,1
George Mason Patriots,George Mason,,George Mason,George Mason,George Mason,George Mason,George Mason,George Mason,,1
George Washington Colonials,George Washington,,George Washington,George Washington,George Washington,George Washington,George Washington,George Washington,,1
Georgetown Hoyas,Georgetown,2316,Georgetown,Georgetown,Georgetown,Georgetown,Georgetown,Georgetown,,1
Georgia Bulldogs,Georgia,,Georgia,Georgia,Georgia,Georgia,Georgia,Georgia,,1
Georgia Southern Eagles,Georgia Southern,,Georgia Southern,Georgia Southern,Georgia Southern,Georgia Southern,Georgia Southern,Georgia Southern,,1
Georgia St Panthers,Georgia St.,,Georgia St. 15,Georgia St. 15,Georgia St.,Georgia St.,Georgia State,Georgia State,,1
Georgia Tech Yellow Jackets,Georgia Tech,2259,Georgia Tech,Georgia Tech,Georgia Tech,Georgia Tech,Georgia Tech,Georgia Tech,,1
Gonzaga Bulldogs,Gonzaga,,Gonzaga 4,Gonzaga 4,Gonzaga,Gonzaga,Gonzaga,Gonzaga,,1
Grambling State Tigers,Grambling St.,,Grambling St.,Grambling St.,Grambling St.,Grambling St.,Grambling,Grambling,,1
Grand Canyon Antelopes,Grand Canyon,,Grand Canyon,Grand Canyon,Grand Canyon,Grand Canyon,Grand Canyon,Grand Canyon,,1
Green Bay Phoenix,Green Bay,,Green Bay,Green Bay,Green Bay,Green Bay,Green Bay,Green Bay,,1
Hampton Pirates,Hampton,,Hampton,Hampton,Hampton,Hampton,Hampton,Hampton,,1
Hartford Hawks,Hartford,2269,Hartford,Hartford,Hartford,Hartford,Hartford,Hartford,,1
Harvard Crimson,Harvard,,Harvard,Harvard,Harvard,Harvard,Harvard,Harvard,,1
Hawaii Rainbow Warriors,Hawaii,,Hawaii,Hawaii,Hawaii,Hawaii,Hawaii,Hawaii,,1
High Point Panthers,High Point,,High Point,High Point,High Point,High Point,High Point,High Point,,1
Hofstra Pride,Hofstra,,Hofstra,Hofstra,Hofstra,Hofstra,Hofstra,Hofstra,,1
Holy Cross Crusaders,Holy Cross,,Holy Cross,Holy Cross,Holy Cross,Holy Cross,Holy Cross,Holy Cross,,1
Houston Cougars,Houston,2515,Houston 6,Houston 6,Houston,Houston,Houston,Houston,,1
Houston Christian Huskies,Houston Christian,Houston Christian,Houston Christian,Houston Christian,Houston Christian,Houston Christian,Houston Christian,Houston Christian,,
Howard Bison,Howard,,Howard,Howard,Howard,Howard,Howard,Howard,,1
Idaho Vandals,Idaho,,Idaho,Idaho,Idaho,Idaho,Idaho,Idaho,,1
Idaho State Bengals,Idaho St.,,Idaho St.,Idaho St.,Idaho St.,Idaho St.,Idaho State,Idaho State,,1
Illinois Fighting Illini,Illinois,2264,Illinois,Illinois,Illinois,Illinois,Illinois,Illinois,,1
Illinois St Redbirds,Illinois St.,,Illinois St.,Illinois St.,Illinois St.,Illinois St.,Illinois State,Illinois State,,1
Illinois-Chicago Flames,Illinois Chicago,,Illinois Chicago,Illinois Chicago,Illinois Chicago,Illinois Chicago,UIC,Illinois-Chicago,,0
Incarnate Word Cardinals,Incarnate Word,,Incarnate Word,Incarnate Word,Incarnate Word,Incarnate Word,Incarnate Word,Incarnate Word,,1
Indiana Hoosiers,Indiana,2481,Indiana,Indiana,Indiana,Indiana,Indiana,Indiana,,1
IUPUI Jaguars,IUPUI,,IUPUI,IUPUI,IUPUI,IUPUI,IUPUI,IUPUI,,1
Indiana St Sycamores,Indiana St.,,Indiana St.,Indiana St.,Indiana St.,Indiana St.,Indiana State,Indiana State,,1
Iona Gaels,Iona,,Iona 15,Iona 15,Iona,Iona,Iona,Iona,,1
Iowa Hawkeyes,Iowa,2196,Iowa,Iowa,Iowa,Iowa,Iowa,Iowa,,1
Iowa State Cyclones,Iowa St.,2513,Iowa St.,Iowa St.,Iowa St.,Iowa St.,Iowa State,Iowa State,,1
Purdue Fort Wayne Mastodons,Fort Wayne,,Purdue Fort Wayne,Fort Wayne,Fort Wayne,Fort Wayne,Purdue-Fort Wayne,Purdue-Fort Wayne,,1
Jackson State Tigers,Jackson St.,,Jackson St.,Jackson St.,Jackson St.,Jackson St.,Jackson State,Jackson State,,1
Jacksonville Dolphins,Jacksonville,,Jacksonville,Jacksonville,Jacksonville,Jacksonville,Jacksonville,Jacksonville,,1
Jacksonville St Gamecocks,Jacksonville St.,,Jacksonville St.,Jacksonville St.,Jacksonville St.,Jacksonville St.,Jacksonville State,Jacksonville State,,1
James Madison Dukes,James Madison,,James Madison,James Madison,James Madison,James Madison,James Madison,James Madison,,1
Kansas Jayhawks,Kansas,2507,Kansas 1,Kansas 1,Kansas,Kansas,Kansas,Kansas,,1
Kansas State Wildcats,Kansas St.,2311,Kansas St. 9,Kansas St. 9,Kansas St.,Kansas St.,Kansas State,Kansas State,,1
Kennesaw St Owls,Kennesaw St.,,Kennesaw St.,Kennesaw St.,Kennesaw St.,Kennesaw St.,Kennesaw State,Kennesaw State,,1
Kent St Golden Flashes,Kent St.,,Kent St.,Kent St.,Kent St.,Kent St.,Kent State,Kent State,,1
Kentucky Wildcats,Kentucky,,Kentucky 5,Kentucky 5,Kentucky,Kentucky,Kentucky,Kentucky,,1
La Salle Explorers,La Salle,,La Salle,La Salle,La Salle,La Salle,La Salle,La Salle,,1
Lafayette Leopards,Lafayette,,Lafayette,Lafayette,Lafayette,Lafayette,Lafayette,Lafayette,,1
Lamar Cardinals,Lamar,,Lamar,Lamar,Lamar,Lamar,Lamar,Lamar,,1
Lehigh Mountain Hawks,Lehigh,,Lehigh,Lehigh,Lehigh,Lehigh,Lehigh,Lehigh,,1
Liberty Flames,Liberty,,Liberty,Liberty,Liberty,Liberty,Liberty,Liberty,,1
Lindenwood Lions,Lindenwood,,Lindenwood,Lindenwood,Lindenwood,Lindenwood,Lindenwood,Lindenwood,,
Lipscomb Bisons,Lipscomb,,Lipscomb 15,Lipscomb 15,Lipscomb,Lipscomb,Lipscomb,Lipscomb,,1
Little Rock Trojans,Little Rock,,Little Rock,Little Rock,Little Rock,Little Rock,Little Rock,Little Rock,,1
LIU Sharks,LIU Brooklyn,,LIU,LIU Brooklyn 16,LIU Brooklyn,LIU Brooklyn,LIU,Long Island University,,0
Long Beach St Beach,Long Beach St.,,Long Beach St.,Long Beach St.,Long Beach St.,Long Beach St.,Long Beach State,Long Beach State,,0
Longwood Lancers,Longwood,,Longwood,Longwood,Longwood,Longwood,Longwood,Longwood,,1
UL Monroe Warhawks,Louisiana Monroe,,Louisiana Monroe,Louisiana Monroe,Louisiana Monroe,Louisiana Monroe,Louisiana-Monroe,Louisiana-Monroe,,1
Louisiana State Tigers,LSU,,LSU,LSU,LSU,LSU,LSU,Louisiana State,,0
Louisiana Tech Bulldogs,Louisiana Tech,,Louisiana Tech,Louisiana Tech,Louisiana Tech,Louisiana Tech,Louisiana Tech,Louisiana Tech,,1
Louisville Cardinals,Louisville,2496,Louisville,Louisville,Louisville,Louisville,Louisville,Louisville,,1
Loyola Marymount Lions,Loyola Marymount,,Loyola Marymount,Loyola Marymount,Loyola Marymount,Loyola Marymount,Loyola Marymount,Loyola Marymount,,1
Loyola Chicago Ramblers,Loyola Chicago,,Loyola Chicago 11,Loyola Chicago 11,Loyola Chicago,Loyola Chicago,Loyola (IL),Loyola (IL),,1
Loyola Md Greyhounds,Loyola MD,,Loyola MD,Loyola MD,Loyola MD,Loyola MD,Loyola (MD),Loyola (MD),,1
Maine Black Bears,Maine,2185,Maine,Maine,Maine,Maine,Maine,Maine,,1
Manhattan Jaspers,Manhattan,,Manhattan,Manhattan,Manhattan,Manhattan,Manhattan,Manhattan,,1
Marist Red Foxes,Marist,,Marist,Marist,Marist,Marist,Marist,Marist,,1
Marquette Golden Eagles,Marquette,2406,Marquette,Marquette,Marquette,Marquette,Marquette,Marquette,,1
Marshall Thundering Herd,Marshall,,Marshall 13,Marshall 13,Marshall,Marshall,Marshall,Marshall,,1
Maryland Terrapins,Maryland,,Maryland,Maryland,Maryland,Maryland,Maryland,Maryland,,1
Maryland Eastern Shore Hawks,Maryland Eastern Shore,2174,Maryland Eastern Shore,Maryland Eastern Shore,Maryland Eastern Shore,Maryland Eastern Shore,Maryland-Eastern Shore,Maryland-Eastern Shore,,1
Massachusetts Minutemen,Massachusetts,,Massachusetts,Massachusetts,Massachusetts,Massachusetts,UMass,Massachusetts,,0
Massachusetts Lowell River Hawks,UMass Lowell,665710,UMass Lowell,UMass Lowell,UMass Lowell,UMass Lowell,UMass-Lowell,Massachusetts-Lowell,,0
McNeese St Cowboys,McNeese St.,,McNeese St.,McNeese St.,McNeese St.,McNeese St.,McNeese State,McNeese State,,1
UMBC Retrievers,UMBC,2411,UMBC 16,UMBC 16,UMBC,UMBC,UMBC,Maryland-Baltimore County,,0
Memphis Tigers,Memphis,2204,Memphis,Memphis,Memphis,Memphis,Memphis,Memphis,,1
Merrimack Warriors,Merrimack,,Merrimack,Merrimack,Merrimack,Merrimack,Merrimack,Merrimack,,1
Mercer Bears,Mercer,,Mercer,Mercer,Mercer,Mercer,Mercer,Mercer,,1
Miami OH RedHawks,Miami OH,,Miami OH,Miami OH,Miami OH,Miami OH,Miami (OH),Miami (OH),,1
Miami Hurricanes,Miami FL,2494,Miami FL 6,Miami FL 6,Miami FL,Miami FL,Miami (FL),Miami (FL),,1
Michigan Wolverines,Michigan,2323,Michigan 3,Michigan 3,Michigan,Michigan,Michigan,Michigan,,1
Michigan St Spartans,Michigan St.,2180,Michigan St. 3,Michigan St. 3,Michigan St.,Michigan St.,Michigan State,Michigan State,,1
Middle Tennessee St Blue Raiders,Middle Tennessee,,Middle Tennessee,Middle Tennessee,Middle Tennessee,Middle Tennessee,Middle Tennessee,Middle Tennessee,,1
Minnesota Golden Gophers,Minnesota,2412,Minnesota,Minnesota,Minnesota,Minnesota,Minnesota,Minnesota,,1
Mississippi Rebels,Mississippi,,Mississippi,Mississippi,Mississippi,Mississippi,Ole Miss,Mississippi,,0
Mississippi State Bulldogs,Mississippi St.,,Mississippi St.,Mississippi St.,Mississippi St.,Mississippi St.,Mississippi State,Mississippi State,,1
Mississippi Valley State Delta Devils,Mississippi Valley St.,,Mississippi Valley St.,Mississippi Valley St.,Mississippi Valley St.,Mississippi Valley St.,Mississippi Valley State,Mississippi Valley State,,1
Missouri Tigers,Missouri,,Missouri 8,Missouri 8,Missouri,Missouri,Missouri,Missouri,,1
Missouri St Bears,Missouri St.,,Missouri St.,Missouri St.,Missouri St.,Missouri St.,Missouri State,Missouri State,,1
Monmouth-NJ Hawks,Monmouth,,Monmouth,Monmouth,Monmouth,Monmouth,Monmouth,Monmouth,,1
Montana Grizzlies,Montana,,Montana 14,Montana 14,Montana,Montana,Montana,Montana,,1
Montana St Bobcats,Montana St.,,Montana St.,Montana St.,Montana St.,Montana St.,Montana State,Montana State,,1
Morehead St Eagles,Morehead St.,,Morehead St.,Morehead St.,Morehead St.,Morehead St.,Morehead State,Morehead State,,1
Morgan St Bears,Morgan St.,,Morgan St.,Morgan St.,Morgan St.,Morgan St.,Morgan State,Morgan State,,1
Mount St Marys Mountaineers,Mount St. Mary%27s,,Mount St. Mary's,Mount St. Mary's,Mount St. Mary's,Mount St. Mary's,Mount St. Mary's,Mount St. Mary's,,1
Murray St Racers,Murray St.,,Murray St. 12,Murray St. 12,Murray St.,Murray St.,Murray State,Murray State,,1
Navy Midshipmen,Navy,,Navy,Navy,Navy,Navy,Navy,Navy,,1
NC State Wolfpack,North Carolina St.,,N.C. State,North Carolina St.,North Carolina St.,North Carolina St.,NC State,NC State,,1
UNC Asheville Bulldogs,UNC Asheville,,UNC Asheville,UNC Asheville,UNC Asheville,UNC Asheville,UNC Asheville,UNC Asheville,,1
UNC Greensboro Spartans,UNC Greensboro,,UNC Greensboro 13,UNC Greensboro 13,UNC Greensboro,UNC Greensboro,UNC Greensboro,UNC Greensboro,,1
UNC Wilmington Seahawks,UNC Wilmington,,UNC Wilmington,UNC Wilmington,UNC Wilmington,UNC Wilmington,UNC Wilmington,UNC Wilmington,,1
Nebraska Cornhuskers,Nebraska,,Nebraska,Nebraska,Nebraska,Nebraska,Nebraska,Nebraska,,1
Nebraska Omaha Mavericks,Nebraska Omaha,2546,Nebraska Omaha,Nebraska Omaha,Nebraska Omaha,Nebraska Omaha,Omaha,Omaha,,1
Nevada Wolf Pack,Nevada,,Nevada 7,Nevada 7,Nevada,Nevada,Nevada,Nevada,,1
New Hampshire Wildcats,New Hampshire,2286,New Hampshire,New Hampshire,New Hampshire,New Hampshire,New Hampshire,New Hampshire,,1
NJIT Highlanders,NJIT,,NJIT,NJIT,NJIT,NJIT,NJIT,NJIT,,1
New Mexico Lobos,New Mexico,,New Mexico,New Mexico,New Mexico,New Mexico,New Mexico,New Mexico,,1
New Mexico St Aggies,New Mexico St.,,New Mexico St. 12,New Mexico St. 12,New Mexico St.,New Mexico St.,New Mexico State,New Mexico State,,1
New Orleans Privateers,New Orleans,,New Orleans,New Orleans,New Orleans,New Orleans,New Orleans,New Orleans,,1
Niagara Purple Eagles,Niagara,,Niagara,Niagara,Niagara,Niagara,Niagara,Niagara,,1
Nicholls State Colonels,Nicholls St.,,Nicholls St.,Nicholls St.,Nicholls St.,Nicholls St.,Nicholls State,Nicholls State,,1
North Carolina AT Aggies,North Carolina A%26T,,North Carolina A&T,North Carolina A&T,North Carolina A&T,North Carolina A&T,North Carolina A&T,North Carolina A&T,,1
Norfolk State Spartans,Norfolk St.,,Norfolk St.,Norfolk St.,Norfolk St.,Norfolk St.,Norfolk State,Norfolk State,,1
North Alabama Lions,North Alabama,North Alabama,North Alabama,North Alabama,North Alabama,North Alabama,North Alabama,North Alabama,,1
North Carolina Tar Heels,North Carolina,2266,North Carolina 2,North Carolina 2,North Carolina,North Carolina,UNC,North Carolina,,0
North Carolina Central Eagles,North Carolina Central,,North Carolina Central 16,North Carolina Central 16,North Carolina Central,North Carolina Central,North Carolina Central,North Carolina Central,,1
North Dakota Fighting Hawks,North Dakota,,North Dakota,North Dakota,North Dakota,North Dakota,North Dakota,North Dakota,,1
North Dakota State Bison,North Dakota St.,,North Dakota St.,North Dakota St.,North Dakota St.,North Dakota St.,North Dakota State,North Dakota State,,1
North Florida Ospreys,North Florida,,North Florida,North Florida,North Florida,North Florida,North Florida,North Florida,,1
North Texas Mean Green,North Texas,,North Texas,North Texas,North Texas,North Texas,North Texas,North Texas,,1
Northeastern Huskies,Northeastern,,Northeastern,Northeastern,Northeastern,Northeastern,Northeastern,Northeastern,,1
Northern Arizona Lumberjacks,Northern Arizona,,Northern Arizona,Northern Arizona,Northern Arizona,Northern Arizona,Northern Arizona,Northern Arizona,,1
Northern Colorado Bears,Northern Colorado,,Northern Colorado,Northern Colorado,Northern Colorado,Northern Colorado,Northern Colorado,Northern Colorado,,1
Northern Illinois Huskies,Northern Illinois,,Northern Illinois,Northern Illinois,Northern Illinois,Northern Illinois,Northern Illinois,Northern Illinois,,1
Northern Iowa Panthers,Northern Iowa,,Northern Iowa,Northern Iowa,Northern Iowa,Northern Iowa,Northern Iowa,Northern Iowa,,1
Northern Kentucky Norse,Northern Kentucky,,Northern Kentucky,Northern Kentucky,Northern Kentucky,Northern Kentucky,Northern Kentucky,Northern Kentucky,,1
Northwestern Wildcats,Northwestern,,Northwestern,Northwestern,Northwestern,Northwestern,Northwestern,Northwestern,,1
Northwestern St Demons,Northwestern St.,2216,Northwestern St.,Northwestern St.,Northwestern St.,Northwestern St.,Northwestern State,Northwestern State,,1
Notre Dame Fighting Irish,Notre Dame,2285,Notre Dame,Notre Dame,Notre Dame,Notre Dame,Notre Dame,Notre Dame,,1
Oakland Golden Grizzlies,Oakland,,Oakland,Oakland,Oakland,Oakland,Oakland,Oakland,,1
Ohio Bobcats,Ohio,,Ohio,Ohio,Ohio,Ohio,Ohio,Ohio,,1
Ohio St Buckeyes,Ohio St.,2500,Ohio St. 5,Ohio St. 5,Ohio St.,Ohio St.,Ohio State,Ohio State,,1
Oklahoma Sooners,Oklahoma,2178,Oklahoma 10,Oklahoma 10,Oklahoma,Oklahoma,Oklahoma,Oklahoma,,1
Oklahoma State Cowboys,Oklahoma St.,2243,Oklahoma St.,Oklahoma St.,Oklahoma St.,Oklahoma St.,Oklahoma State,Oklahoma State,,1
Old Dominion Monarchs,Old Dominion,,Old Dominion,Old Dominion,Old Dominion,Old Dominion,Old Dominion,Old Dominion,,1
Oral Roberts Golden Eagles,Oral Roberts,,Oral Roberts,Oral Roberts,Oral Roberts,Oral Roberts,Oral Roberts,Oral Roberts,,1
Oregon Ducks,Oregon,,Oregon,Oregon,Oregon,Oregon,Oregon,Oregon,,1
Oregon St Beavers,Oregon St.,,Oregon St.,Oregon St.,Oregon St.,Oregon St.,Oregon State,Oregon State,,1
Pacific Tigers,Pacific,,Pacific,Pacific,Pacific,Pacific,Pacific,Pacific,,1
Penn St Nittany Lions,Penn St.,2501,Penn St.,Penn St.,Penn St.,Penn St.,Penn State,Penn State,,1
Pennsylvania Quakers,Penn,,Penn 16,Penn 16,Penn,Penn,Penn,Pennsylvania,,0
Pepperdine Waves,Pepperdine,,Pepperdine,Pepperdine,Pepperdine,Pepperdine,Pepperdine,Pepperdine,,1
Pittsburgh Panthers,Pittsburgh,2279,Pittsburgh,Pittsburgh,Pittsburgh,Pittsburgh,Pitt,Pittsburgh,,0
Portland Pilots,Portland,,Portland,Portland,Portland,Portland,Portland,Portland,,1
Portland St Vikings,Portland St.,,Portland St.,Portland St.,Portland St.,Portland St.,Portland State,Portland State,,1
Prairie View AM Panthers,Prairie View A%26M,,Prairie View A&M,Prairie View A&M,Prairie View A&M,Prairie View A&M,Prairie View,Prairie View,,1
Presbyterian Blue Hose,Presbyterian,,Presbyterian,Presbyterian,Presbyterian,Presbyterian,Presbyterian,Presbyterian,,1
Princeton Tigers,Princeton,,Princeton,Princeton,Princeton,Princeton,Princeton,Princeton,,1
Providence Friars,Providence,2301,Providence 10,Providence 10,Providence,Providence,Providence,Providence,,1
Purdue Boilermakers,Purdue,2294,Purdue 2,Purdue 2,Purdue,Purdue,Purdue,Purdue,,1
Queens Royals,Queens,,Queens,Queens,Queens,Queens,Queens (NC),Queens (NC),,
Quinnipiac Bobcats,Quinnipiac,,Quinnipiac,Quinnipiac,Quinnipiac,Quinnipiac,Quinnipiac,Quinnipiac,,1
Radford Highlanders,Radford,,Radford 16,Radford 16,Radford,Radford,Radford,Radford,,1
Rhode Island Rams,Rhode Island,,Rhode Island 7,Rhode Island 7,Rhode Island,Rhode Island,Rhode Island,Rhode Island,,1
Rice Owls,Rice,,Rice,Rice,Rice,Rice,Rice,Rice,,1
Richmond Spiders,Richmond,,Richmond,Richmond,Richmond,Richmond,Richmond,Richmond,,1
Rider Broncs,Rider,,Rider,Rider,Rider,Rider,Rider,Rider,,1
Robert Morris Colonials,Robert Morris,,Robert Morris,Robert Morris,Robert Morris,Robert Morris,Robert Morris,Robert Morris,,1
Rutgers Scarlet Knights,Rutgers,2210,Rutgers,Rutgers,Rutgers,Rutgers,Rutgers,Rutgers,,1
Sacramento State Hornets,Sacramento St.,,Sacramento St.,Sacramento St.,Sacramento St.,Sacramento St.,Sacramento State,Sacramento State,,1
Sacred Heart Pioneers,Sacred Heart,,Sacred Heart,Sacred Heart,Sacred Heart,Sacred Heart,Sacred Heart,Sacred Heart,,1
Saint Louis Billikens,Saint Louis,,Saint Louis,Saint Louis,Saint Louis,Saint Louis,Saint Louis,Saint Louis,,1
Sam Houston St Bearkats,Sam Houston St.,,Sam Houston St.,Sam Houston St.,Sam Houston St.,Sam Houston St.,Sam Houston State,Sam Houston State,,1
Samford Bulldogs,Samford,,Samford,Samford,Samford,Samford,Samford,Samford,,1
San Diego Toreros,San Diego,,San Diego,San Diego,San Diego,San Diego,San Diego,San Diego,,1
San Diego St Aztecs,San Diego St.,,San Diego St. 11,San Diego St. 11,San Diego St.,San Diego St.,San Diego State,San Diego State,,1
San Francisco Dons,San Francisco,,San Francisco,San Francisco,San Francisco,San Francisco,San Francisco,San Francisco,,1
San Jose St Spartans,San Jose St.,,San Jose St.,San Jose St.,San Jose St.,San Jose St.,San Jose State,San Jose State,,1
Santa Clara Broncos,Santa Clara,,Santa Clara,Santa Clara,Santa Clara,Santa Clara,Santa Clara,Santa Clara,,1
Savannah State Tigers,Savannah St.,,Savannah St.,Savannah St.,Savannah St.,Savannah St.,Savannah St.,Savannah St.,,1
SE Missouri St Redhawks,Southeast Missouri St.,,Southeast Missouri St.,Southeast Missouri St.,Southeast Missouri St.,Southeast Missouri St.,Southeast Missouri State,Southeast Missouri State,,1
Seattle Redhawks,Seattle,,Seattle,Seattle,Seattle,Seattle,Seattle,Seattle,,1
Seton Hall Pirates,Seton Hall,2300,Seton Hall 8,Seton Hall 8,Seton Hall,Seton Hall,Seton Hall,Seton Hall,,1
Siena Saints,Siena,,Siena,Siena,Siena,Siena,Siena,Siena,,1
SIU Edwardsville Cougars,SIU Edwardsville,,SIU Edwardsville,SIU Edwardsville,SIU Edwardsville,SIU Edwardsville,SIU-Edwardsville,SIU Edwardsville,,0
South Alabama Jaguars,South Alabama,,South Alabama,South Alabama,South Alabama,South Alabama,South Alabama,South Alabama,,1
South Carolina Gamecocks,South Carolina,,South Carolina,South Carolina,South Carolina,South Carolina,South Carolina,South Carolina,,1
South Carolina State Bulldogs,South Carolina St.,,South Carolina St.,South Carolina St.,South Carolina St.,South Carolina St.,South Carolina State,South Carolina State,,1
South Carolina Upstate Spartans,USC Upstate,,USC Upstate,USC Upstate,USC Upstate,USC Upstate,USC Upstate,South Carolina Upstate,,0
South Dakota Coyotes,South Dakota,,South Dakota,South Dakota,South Dakota,South Dakota,South Dakota,South Dakota,,1
South Dakota State Jackrabbits,South Dakota St.,,South Dakota St. 12,South Dakota St. 12,South Dakota St.,South Dakota St.,South Dakota State,South Dakota State,,1
South Florida Bulls,South Florida,2510,South Florida,South Florida,South Florida,South Florida,South Florida,South Florida,,1
Southeastern Louisiana Lions,Southeastern Louisiana,,Southeastern Louisiana,Southeastern Louisiana,Southeastern Louisiana,Southeastern Louisiana,Southeastern Louisiana,Southeastern Louisiana,,1
Southern Jaguars,Southern,,Southern,Southern,Southern,Southern,Southern,Southern,,1
Southern California Trojans,USC,,USC,USC,USC,USC,USC,Southern California,,0
Southern Illinois Salukis,Southern Illinois,,Southern Illinois,Southern Illinois,Southern Illinois,Southern Illinois,Southern Illinois,Southern Illinois,,1
Southern Indiana Screaming Eagles,Southern Indiana,Southern Indiana,Southern Indiana,Southern Indiana,Southern Indiana,Southern Indiana,Southern Indiana,Southern Indiana,,
Southern Methodist Mustangs,SMU,2349,SMU,SMU,SMU,SMU,SMU,Southern Methodist,,0
Southern Miss Golden Eagles,Southern Miss,,Southern Miss,Southern Miss,Southern Miss,Southern Miss,Southern Miss,Southern Mississippi,,0
Southern Utah Thunderbirds,Southern Utah,,Southern Utah,Southern Utah,Southern Utah,Southern Utah,Southern Utah,Southern Utah,,1
St Bonaventure Bonnies,St. Bonaventure,,St. Bonaventure 11,St. Bonaventure 11,St. Bonaventure,St. Bonaventure,St. Bonaventure,St. Bonaventure,,1
St Francis PA Red Flash,St. Francis PA,,St. Francis PA,St. Francis PA,St. Francis PA,St. Francis PA,Saint Francis (PA),Saint Francis (PA),,1
St Thomas Mn Tommies,St. Thomas,,St. Thomas,St. Thomas,St. Thomas,St. Thomas,St. Thomas (MN),St. Thomas (MN),,1
St Francis Bkn Terriers,St. Francis NY,,St. Francis NY,St. Francis NY,St. Francis NY,St. Francis NY,St. Francis (NY),St. Francis (NY),,1
St Johns Red Storm,St. John%27s,2442,St. John's,St. John's,St. John's,St. John's,St. John's (NY),St. John's (NY),,1
Saint Josephs Hawks,Saint Joseph%27s,,Saint Joseph's,Saint Joseph's,Saint Joseph's,Saint Joseph's,St. Joseph's,Saint Joseph's,,0
Saint Marys Gaels,Saint Mary%27s,,Saint Mary's,Saint Mary's,Saint Mary's,Saint Mary's,Saint Mary's,Saint Mary's (CA),,0
Saint Peters Peacocks,Saint Peter%27s,,Saint Peter's,Saint Peter's,Saint Peter's,Saint Peter's,St. Peter's,Saint Peter's,,0
Stanford Cardinal,Stanford,,Stanford,Stanford,Stanford,Stanford,Stanford,Stanford,,1
Stephen F Austin Lumberjacks,Stephen F. Austin,,Stephen F. Austin 14,Stephen F. Austin 14,Stephen F. Austin,Stephen F. Austin,Stephen F. Austin,Stephen F. Austin,,1
Stetson Hatters,Stetson,,Stetson,Stetson,Stetson,Stetson,Stetson,Stetson,,1
Stonehill Skyhawks,Stonehill,,Stonehill,Stonehill,Stonehill,Stonehill,Stonehill,Stonehill,,
Stony Brook Seawolves,Stony Brook,2443,Stony Brook,Stony Brook,Stony Brook,Stony Brook,Stony Brook,Stony Brook,,1
Syracuse Orange,Syracuse,2186,Syracuse 11,Syracuse 11,Syracuse,Syracuse,Syracuse,Syracuse,,1
tarleton state texans,Tarleton St.,,Tarleton St.,Tarleton St.,Tarleton St.,Tarleton St.,Tarleton State,Tarleton State,,1
Temple Owls,Temple,2177,Temple,Temple,Temple,Temple,Temple,Temple,,1
Tenn-Martin Skyhawks,Tennessee Martin,,Tennessee Martin,Tennessee Martin,Tennessee Martin,Tennessee Martin,UT-Martin,Tennessee-Martin,,0
Tennessee Volunteers,Tennessee,,Tennessee 3,Tennessee 3,Tennessee,Tennessee,Tennessee,Tennessee,,1
Tennessee St Tigers,Tennessee St.,,Tennessee St.,Tennessee St.,Tennessee St.,Tennessee St.,Tennessee State,Tennessee State,,1
Tennessee Tech Golden Eagles,Tennessee Tech,,Tennessee Tech,Tennessee Tech,Tennessee Tech,Tennessee Tech,Tennessee Tech,Tennessee Tech,,1
Texas Longhorns,Texas,2380,Texas 10,Texas 10,Texas,Texas,Texas,Texas,,1
Texas AM Aggies,Texas A%26M,,Texas A&M 7,Texas A&M 7,Texas A&M,Texas A&M,Texas A&M,Texas A&M,,1
Texas AM CC Islanders,Texas A%26M Corpus Chris,,Texas A&M Corpus Chris,Texas A&M Corpus Chris,Texas A&M Corpus Chris,Texas A&M Corpus Chris,Texas A&M-Corpus Christi,Texas A&M-Corpus Christi,,1
Texas AM Commerce Lions,Texas A%26M Commerce,Texas A%26M Commerce,Texas A&M Commerce,Texas A&M Commerce,Texas A&M Commerce,Texas A&M Commerce,Texas A&M-Commerce,Texas A&M-Commerce,,
texas christian horned frogs,TCU,2291,TCU 6,TCU 6,TCU,TCU,TCU,TCU,,1
Texas Rio Grande Valley Vaqueros,UT Rio Grande Valley,,UT Rio Grande Valley,UT Rio Grande Valley,UT Rio Grande Valley,UT Rio Grande Valley,Texas-Rio Grande Valley,Texas-Rio Grande Valley,,1
Texas Southern Tigers,Texas Southern,,Texas Southern 16,Texas Southern 16,Texas Southern,Texas Southern,Texas Southern,Texas Southern,,1
Texas State Bobcats,Texas St.,,Texas St.,Texas St.,Texas St.,Texas St.,Texas State,Texas State,,1
Texas Tech Red Raiders,Texas Tech,2319,Texas Tech 3,Texas Tech 3,Texas Tech,Texas Tech,Texas Tech,Texas Tech,,1
Texas Arlington Mavericks,UT Arlington,,UT Arlington,UT Arlington,UT Arlington,UT Arlington,UT Arlington,UT Arlington,,1
Texas El Paso Miners,UTEP,,UTEP,UTEP,UTEP,UTEP,UTEP,UTEP,,1
Texas San Antonio Roadrunners,UTSA,,UTSA,UTSA,UTSA,UTSA,UTSA,UTSA,,1
The Citadel Bulldogs,The Citadel,,The Citadel,The Citadel,The Citadel,The Citadel,The Citadel,The Citadel,,1
Toledo Rockets,Toledo,,Toledo,Toledo,Toledo,Toledo,Toledo,Toledo,,1
Towson Tigers,Towson,,Towson,Towson,Towson,Towson,Towson,Towson,,1
Troy Trojans,Troy,,Troy,Troy,Troy,Troy,Troy,Troy,,1
Tulane Green Wave,Tulane,2367,Tulane,Tulane,Tulane,Tulane,Tulane,Tulane,,1
Tulsa Golden Hurricane,Tulsa,2512,Tulsa,Tulsa,Tulsa,Tulsa,Tulsa,Tulsa,,1
UAB Blazers,UAB,,UAB,UAB,UAB,UAB,UAB,UAB,,1
UC Davis Aggies,UC Davis,,UC Davis,UC Davis,UC Davis,UC Davis,UC-Davis,UC Davis,,0
UC Irvine Anteaters,UC Irvine,,UC Irvine,UC Irvine,UC Irvine,UC Irvine,UC-Irvine,UC Irvine,,0
UC San Diego tritons,UC San Diego,,UC San Diego,UC San Diego,UC San Diego,UC San Diego,UC-San Diego,UC San Diego,,0
UC Riverside Highlanders,UC Riverside,,UC Riverside,UC Riverside,UC Riverside,UC Riverside,UC-Riverside,UC Riverside,,0
UC Santa Barbara Gauchos,UC Santa Barbara,,UC Santa Barbara,UC Santa Barbara,UC Santa Barbara,UC Santa Barbara,UCSB,UC Santa Barbara,,0
UCLA Bruins,UCLA,,UCLA 11,UCLA 11,UCLA,UCLA,UCLA,UCLA,,1
UL Lafayette Ragin Cajuns,Louisiana Lafayette,,Louisiana,Louisiana Lafayette,Louisiana Lafayette,Louisiana Lafayette,Louisiana,Louisiana,,1
Kansas City roos,UMKC,,UMKC,UMKC,UMKC,UMKC,Kansas City,Kansas City,,1
UNLV Rebels,UNLV,,UNLV,UNLV,UNLV,UNLV,UNLV,Nevada-Las Vegas,,0
Utah Utes,Utah,,Utah,Utah,Utah,Utah,Utah,Utah,,1
Utah St Aggies,Utah St.,,Utah St.,Utah St.,Utah St.,Utah St.,Utah State,Utah State,,1
Utah Tech Trailblazers,Utah Tech,,Utah Tech,Utah Tech,Utah Tech,Utah Tech,Utah Tech,Utah Tech,,
Utah Valley Wolverines,Utah Valley,,Utah Valley,Utah Valley,Utah Valley,Utah Valley,Utah Valley,Utah Valley,,1
Valparaiso Beacons,Valparaiso,,Valparaiso,Valparaiso,Valparaiso,Valparaiso,Valparaiso,Valparaiso,,1
Vanderbilt Commodores,Vanderbilt,,Vanderbilt,Vanderbilt,Vanderbilt,Vanderbilt,Vanderbilt,Vanderbilt,,1
VCU Rams,VCU,,VCU,VCU,VCU,VCU,VCU,Virginia Commonwealth,,0
Vermont Catamounts,Vermont,2314,Vermont,Vermont,Vermont,Vermont,Vermont,Vermont,,1
Villanova Wildcats,Villanova,2561,Villanova 1,Villanova 1,Villanova,Villanova,Villanova,Villanova,,1
Virginia Cavaliers,Virginia,2315,Virginia 1,Virginia 1,Virginia,Virginia,Virginia,Virginia,,1
Virginia Tech Hokies,Virginia Tech,2414,Virginia Tech 8,Virginia Tech 8,Virginia Tech,Virginia Tech,Virginia Tech,Virginia Tech,,1
VMI Keydets,VMI,,VMI,VMI,VMI,VMI,VMI,VMI,,1
Wagner Seahawks,Wagner,,Wagner,Wagner,Wagner,Wagner,Wagner,Wagner,,1
Wake Forest Demon Deacons,Wake Forest,2188,Wake Forest,Wake Forest,Wake Forest,Wake Forest,Wake Forest,Wake Forest,,1
Washington Huskies,Washington,,Washington,Washington,Washington,Washington,Washington,Washington,,1
Washington St Cougars,Washington St.,,Washington St.,Washington St.,Washington St.,Washington St.,Washington State,Washington State,,1
Weber St Wildcats,Weber St.,,Weber St.,Weber St.,Weber St.,Weber St.,Weber State,Weber State,,1
West Virginia Mountaineers,West Virginia,2283,West Virginia 5,West Virginia 5,West Virginia,West Virginia,West Virginia,West Virginia,,1
Western Carolina Catamounts,Western Carolina,,Western Carolina,Western Carolina,Western Carolina,Western Carolina,Western Carolina,Western Carolina,,1
Western Illinois Leathernecks,Western Illinois,,Western Illinois,Western Illinois,Western Illinois,Western Illinois,Western Illinois,Western Illinois,,1
Western Kentucky Hilltoppers,Western Kentucky,,Western Kentucky,Western Kentucky,Western Kentucky,Western Kentucky,Western Kentucky,Western Kentucky,,1
Western Michigan Broncos,Western Michigan,,Western Michigan,Western Michigan,Western Michigan,Western Michigan,Western Michigan,Western Michigan,,1
Wichita St Shockers,Wichita St.,2374,Wichita St. 4,Wichita St. 4,Wichita St.,Wichita St.,Wichita State,Wichita State,,1
William- Mary Tribe,William %26 Mary,,William & Mary,William & Mary,William & Mary,William & Mary,William & Mary,William & Mary,,1
Winthrop Eagles,Winthrop,,Winthrop,Winthrop,Winthrop,Winthrop,Winthrop,Winthrop,,1
Milwaukee Panthers,Milwaukee,,Milwaukee,Milwaukee,Milwaukee,Milwaukee,Milwaukee,Milwaukee,,1
Wisconsin Badgers,Wisconsin,2437,Wisconsin,Wisconsin,Wisconsin,Wisconsin,Wisconsin,Wisconsin,,1
Wofford Terriers,Wofford,,Wofford,Wofford,Wofford,Wofford,Wofford,Wofford,,1
Wright St Raiders,Wright St.,,Wright St. 14,Wright St. 14,Wright St.,Wright St.,Wright State,Wright State,,1
Wyoming Cowboys,Wyoming,,Wyoming,Wyoming,Wyoming,Wyoming,Wyoming,Wyoming,,1
Xavier Musketeers,Xavier,2390,Xavier 1,Xavier 1,Xavier,Xavier,Xavier,Xavier,,1
Yale Bulldogs,Yale,,Yale,Yale,Yale,Yale,Yale,Yale,,1
Youngstown St Penguins,Youngstown St.,,Youngstown St.,Youngstown St.,Youngstown St.,Youngstown St.,Youngstown State,Youngstown State,,1
